{
    "rmse": 6019.6248108411755,
    "mae": 4668.171310451878,
    "r2": 0.9637401010815948
}

