{
    "rmse": 6015.298550827945,
    "mae": 4869.953101719519,
    "r2": 0.9482999571349724
}